Image,Label
DZ5485-612-83.jpg,1
DZ5485-612-255.jpg,1
CP9652-399.jpg,0
DZ5485-612-409.jpg,1
CP9652-130.jpg,0
DZ5485-612-522.jpg,1
CP9652-395.jpg,0
DZ5485-612-437.jpg,1
DZ5485-612-6.jpg,1
DZ5485-612-405.jpg,1
DZ5485-612-468.jpg,1
DZ5485-612-98.jpg,1
CP9652-36.jpg,0
DZ5485-612-360.jpg,1
CP9652-349.jpg,0
DZ5485-612-267.jpg,1
CP9652-154.jpg,0
DZ5485-612-383.jpg,1
CP9652-170.jpg,0
DZ5485-612-412.jpg,1
CP9652-362.jpg,0
DZ5485-612-119.jpg,1
DZ5485-612-431.jpg,1
DZ5485-612-251.jpg,1
DZ5485-612-343.jpg,1
DZ5485-612-10.jpg,1
DZ5485-612-197.jpg,1
CP9652-356.jpg,0
DZ5485-612-82.jpg,1
CP9652-388.jpg,0
DZ5485-612-479.jpg,1
CP9652-173.jpg,0
DZ5485-612-240.jpg,1
DZ5485-612-293.jpg,1
DZ5485-612-212.jpg,1
CP9652-198.jpg,0
DZ5485-612-362.jpg,1
DZ5485-612-452.jpg,1
DZ5485-612-228.jpg,1
CP9652-479.jpg,0
DZ5485-612-363.jpg,1
CP9652-277.jpg,0
CP9652-134.jpg,0
CP9652-184.jpg,0
CP9652-121.jpg,0
CP9652-58.jpg,0
CP9652-413.jpg,0
DZ5485-612-371.jpg,1
DZ5485-612-8.jpg,1
DZ5485-612-156.jpg,1
CP9652-20.jpg,0
DZ5485-612-443.jpg,1
CP9652-297.jpg,0
DZ5485-612-399.jpg,1
CP9652-436.jpg,0
CP9652-45.jpg,0
CP9652-68.jpg,0
CP9652-57.jpg,0
CP9652-415.jpg,0
CP9652-172.jpg,0
CP9652-343.jpg,0
CP9652-9.jpg,0
CP9652-62.jpg,0
CP9652-188.jpg,0
DZ5485-612-451.jpg,1
CP9652-332.jpg,0
DZ5485-612-229.jpg,1
CP9652-67.jpg,0
CP9652-209.jpg,0
DZ5485-612-213.jpg,1
DZ5485-612-80.jpg,1
DZ5485-612-149.jpg,1
DZ5485-612-303.jpg,1
CP9652-392.jpg,0
DZ5485-612-329.jpg,1
CP9652-404.jpg,0
DZ5485-612-345.jpg,1
CP9652-22.jpg,0
DZ5485-612-507.jpg,1
DZ5485-612-134.jpg,1
CP9652-29.jpg,0
DZ5485-612-312.jpg,1
CP9652-475.jpg,0
CP9652-44.jpg,0
DZ5485-612-1.jpg,1
DZ5485-612-317.jpg,1
CP9652-187.jpg,0
CP9652-26.jpg,0
CP9652-94.jpg,0
CP9652-11.jpg,0
DZ5485-612-480.jpg,1
CP9652-254.jpg,0
DZ5485-612-173.jpg,1
DZ5485-612-126.jpg,1
DZ5485-612-425.jpg,1
DZ5485-612-423.jpg,1
CP9652-31.jpg,0
CP9652-384.jpg,0
DZ5485-612-91.jpg,1
CP9652-420.jpg,0
DZ5485-612-182.jpg,1
DZ5485-612-275.jpg,1
CP9652-376.jpg,0
DZ5485-612-70.jpg,1
DZ5485-612-292.jpg,1
DZ5485-612-132.jpg,1
DZ5485-612-301.jpg,1
CP9652-60.jpg,0
DZ5485-612-327.jpg,1
DZ5485-612-145.jpg,1
DZ5485-612-426.jpg,1
CP9652-61.jpg,0
DZ5485-612-136.jpg,1
CP9652-143.jpg,0
DZ5485-612-165.jpg,1
DZ5485-612-29.jpg,1
CP9652-411.jpg,0
DZ5485-612-194.jpg,1
CP9652-471.jpg,0
CP9652-226.jpg,0
DZ5485-612-170.jpg,1
DZ5485-612-491.jpg,1
DZ5485-612-141.jpg,1
DZ5485-612-174.jpg,1
DZ5485-612-7.jpg,1
CP9652-279.jpg,0
CP9652-112.jpg,0
DZ5485-612-74.jpg,1
CP9652-164.jpg,0
CP9652-457.jpg,0
DZ5485-612-239.jpg,1
DZ5485-612-146.jpg,1
CP9652-273.jpg,0
DZ5485-612-235.jpg,1
DZ5485-612-221.jpg,1
DZ5485-612-478.jpg,1
CP9652-313.jpg,0
DZ5485-612-133.jpg,1
CP9652-472.jpg,0
CP9652-318.jpg,0
DZ5485-612-186.jpg,1
DZ5485-612-42.jpg,1
CP9652-473.jpg,0
DZ5485-612-109.jpg,1
CP9652-346.jpg,0
DZ5485-612-57.jpg,1
CP9652-7.jpg,0
CP9652-347.jpg,0
CP9652-80.jpg,0
CP9652-341.jpg,0
DZ5485-612-25.jpg,1
CP9652-127.jpg,0
DZ5485-612-449.jpg,1
CP9652-10.jpg,0
CP9652-99.jpg,0
CP9652-229.jpg,0
CP9652-407.jpg,0
DZ5485-612-339.jpg,1
DZ5485-612-52.jpg,1
CP9652-144.jpg,0
DZ5485-612-519.jpg,1
CP9652-401.jpg,0
CP9652-113.jpg,0
DZ5485-612-265.jpg,1
CP9652-16.jpg,0
CP9652-191.jpg,0
CP9652-433.jpg,0
CP9652-427.jpg,0
CP9652-354.jpg,0
DZ5485-612-450.jpg,1
DZ5485-612-19.jpg,1
CP9652-372.jpg,0
DZ5485-612-486.jpg,1
CP9652-47.jpg,0
CP9652-480.jpg,0
DZ5485-612-368.jpg,1
DZ5485-612-84.jpg,1
DZ5485-612-62.jpg,1
DZ5485-612-440.jpg,1
DZ5485-612-273.jpg,1
DZ5485-612-286.jpg,1
DZ5485-612-361.jpg,1
DZ5485-612-355.jpg,1
CP9652-468.jpg,0
DZ5485-612-279.jpg,1
DZ5485-612-13.jpg,1
DZ5485-612-183.jpg,1
DZ5485-612-369.jpg,1
DZ5485-612-495.jpg,1
CP9652-276.jpg,0
DZ5485-612-224.jpg,1
CP9652-52.jpg,0
CP9652-180.jpg,0
CP9652-64.jpg,0
CP9652-24.jpg,0
CP9652-152.jpg,0
CP9652-232.jpg,0
DZ5485-612-177.jpg,1
CP9652-146.jpg,0
CP9652-108.jpg,0
CP9652-66.jpg,0
DZ5485-612-523.jpg,1
DZ5485-612-394.jpg,1
DZ5485-612-164.jpg,1
DZ5485-612-249.jpg,1
CP9652-115.jpg,0
CP9652-366.jpg,0
CP9652-150.jpg,0
DZ5485-612-376.jpg,1
DZ5485-612-413.jpg,1
DZ5485-612-75.jpg,1
DZ5485-612-114.jpg,1
CP9652-49.jpg,0
CP9652-120.jpg,0
DZ5485-612-391.jpg,1
DZ5485-612-105.jpg,1
DZ5485-612-115.jpg,1
DZ5485-612-418.jpg,1
CP9652-189.jpg,0
DZ5485-612-458.jpg,1
DZ5485-612-410.jpg,1
DZ5485-612-93.jpg,1
CP9652-430.jpg,0
DZ5485-612-90.jpg,1
DZ5485-612-337.jpg,1
CP9652-470.jpg,0
CP9652-402.jpg,0
CP9652-414.jpg,0
CP9652-377.jpg,0
CP9652-74.jpg,0
CP9652-92.jpg,0
DZ5485-612-95.jpg,1
DZ5485-612-12.jpg,1
DZ5485-612-397.jpg,1
CP9652-12.jpg,0
DZ5485-612-44.jpg,1
DZ5485-612-43.jpg,1
DZ5485-612-330.jpg,1
DZ5485-612-168.jpg,1
DZ5485-612-500.jpg,1
CP9652-357.jpg,0
CP9652-78.jpg,0
CP9652-237.jpg,0
DZ5485-612-101.jpg,1
DZ5485-612-427.jpg,1
DZ5485-612-179.jpg,1
DZ5485-612-445.jpg,1
DZ5485-612-417.jpg,1
CP9652-242.jpg,0
CP9652-363.jpg,0
CP9652-139.jpg,0
DZ5485-612-178.jpg,1
DZ5485-612-396.jpg,1
CP9652-157.jpg,0
CP9652-274.jpg,0
CP9652-442.jpg,0
CP9652-165.jpg,0
DZ5485-612-384.jpg,1
CP9652-438.jpg,0
CP9652-93.jpg,0
DZ5485-612-258.jpg,1
DZ5485-612-336.jpg,1
DZ5485-612-16.jpg,1
CP9652-110.jpg,0
DZ5485-612-325.jpg,1
CP9652-239.jpg,0
DZ5485-612-223.jpg,1
DZ5485-612-180.jpg,1
CP9652-465.jpg,0
DZ5485-612-23.jpg,1
DZ5485-612-357.jpg,1
CP9652-147.jpg,0
CP9652-342.jpg,0
DZ5485-612-341.jpg,1
DZ5485-612-432.jpg,1
CP9652-306.jpg,0
CP9652-314.jpg,0
DZ5485-612-204.jpg,1
CP9652-111.jpg,0
DZ5485-612-94.jpg,1
CP9652-443.jpg,0
DZ5485-612-69.jpg,1
CP9652-103.jpg,0
DZ5485-612-285.jpg,1
CP9652-285.jpg,0
DZ5485-612-435.jpg,1
DZ5485-612-154.jpg,1
DZ5485-612-76.jpg,1
CP9652-211.jpg,0
DZ5485-612-447.jpg,1
DZ5485-612-189.jpg,1
DZ5485-612-272.jpg,1
DZ5485-612-237.jpg,1
DZ5485-612-488.jpg,1
DZ5485-612-118.jpg,1
CP9652-299.jpg,0
DZ5485-612-513.jpg,1
CP9652-275.jpg,0
CP9652-72.jpg,0
DZ5485-612-127.jpg,1
DZ5485-612-117.jpg,1
DZ5485-612-474.jpg,1
CP9652-174.jpg,0
DZ5485-612-58.jpg,1
CP9652-155.jpg,0
CP9652-393.jpg,0
DZ5485-612-370.jpg,1
DZ5485-612-269.jpg,1
DZ5485-612-47.jpg,1
DZ5485-612-350.jpg,1
DZ5485-612-196.jpg,1
CP9652-481.jpg,0
CP9652-369.jpg,0
CP9652-217.jpg,0
DZ5485-612-264.jpg,1
DZ5485-612-444.jpg,1
CP9652-156.jpg,0
DZ5485-612-305.jpg,1
DZ5485-612-342.jpg,1
CP9652-79.jpg,0
CP9652-448.jpg,0
DZ5485-612-150.jpg,1
DZ5485-612-125.jpg,1
CP9652-267.jpg,0
CP9652-303.jpg,0
DZ5485-612-51.jpg,1
DZ5485-612-354.jpg,1
CP9652-408.jpg,0
DZ5485-612-143.jpg,1
DZ5485-612-471.jpg,1
DZ5485-612-400.jpg,1
CP9652-106.jpg,0
DZ5485-612-321.jpg,1
DZ5485-612-20.jpg,1
CP9652-290.jpg,0
CP9652-310.jpg,0
CP9652-358.jpg,0
DZ5485-612-408.jpg,1
CP9652-14.jpg,0
CP9652-344.jpg,0
DZ5485-612-39.jpg,1
DZ5485-612-176.jpg,1
DZ5485-612-246.jpg,1
CP9652-309.jpg,0
CP9652-214.jpg,0
CP9652-235.jpg,0
CP9652-382.jpg,0
DZ5485-612-155.jpg,1
DZ5485-612-288.jpg,1
CP9652-90.jpg,0
CP9652-46.jpg,0
CP9652-445.jpg,0
DZ5485-612-18.jpg,1
DZ5485-612-128.jpg,1
DZ5485-612-323.jpg,1
DZ5485-612-256.jpg,1
CP9652-461.jpg,0
CP9652-446.jpg,0
DZ5485-612-191.jpg,1
DZ5485-612-116.jpg,1
CP9652-97.jpg,0
CP9652-83.jpg,0
DZ5485-612-181.jpg,1
DZ5485-612-302.jpg,1
CP9652-365.jpg,0
CP9652-193.jpg,0
CP9652-326.jpg,0
CP9652-166.jpg,0
CP9652-142.jpg,0
DZ5485-612-518.jpg,1
CP9652-466.jpg,0
DZ5485-612-46.jpg,1
CP9652-390.jpg,0
DZ5485-612-158.jpg,1
CP9652-294.jpg,0
DZ5485-612-172.jpg,1
DZ5485-612-17.jpg,1
DZ5485-612-512.jpg,1
DZ5485-612-49.jpg,1
CP9652-453.jpg,0
CP9652-321.jpg,0
DZ5485-612-516.jpg,1
CP9652-304.jpg,0
DZ5485-612-481.jpg,1
DZ5485-612-284.jpg,1
CP9652-199.jpg,0
CP9652-161.jpg,0
DZ5485-612-226.jpg,1
DZ5485-612-27.jpg,1
CP9652-263.jpg,0
DZ5485-612-438.jpg,1
CP9652-452.jpg,0
DZ5485-612-365.jpg,1
DZ5485-612-230.jpg,1
DZ5485-612-38.jpg,1
CP9652-447.jpg,0
DZ5485-612-375.jpg,1
DZ5485-612-470.jpg,1
CP9652-449.jpg,0
CP9652-331.jpg,0
CP9652-185.jpg,0
CP9652-320.jpg,0
DZ5485-612-195.jpg,1
CP9652-335.jpg,0
CP9652-345.jpg,0
DZ5485-612-504.jpg,1
CP9652-451.jpg,0
CP9652-311.jpg,0
CP9652-56.jpg,0
CP9652-450.jpg,0
DZ5485-612-163.jpg,1
CP9652-183.jpg,0
DZ5485-612-153.jpg,1
CP9652-162.jpg,0
CP9652-181.jpg,0
CP9652-236.jpg,0
DZ5485-612-112.jpg,1
DZ5485-612-227.jpg,1
CP9652-169.jpg,0
DZ5485-612-104.jpg,1
DZ5485-612-422.jpg,1
DZ5485-612-420.jpg,1
CP9652-231.jpg,0
CP9652-63.jpg,0
CP9652-261.jpg,0
CP9652-149.jpg,0
DZ5485-612-120.jpg,1
DZ5485-612-54.jpg,1
DZ5485-612-152.jpg,1
DZ5485-612-404.jpg,1
CP9652-426.jpg,0
DZ5485-612-208.jpg,1
CP9652-135.jpg,0
CP9652-324.jpg,0
CP9652-312.jpg,0
DZ5485-612-9.jpg,1
CP9652-288.jpg,0
DZ5485-612-37.jpg,1
DZ5485-612-453.jpg,1
CP9652-128.jpg,0
DZ5485-612-254.jpg,1
DZ5485-612-304.jpg,1
CP9652-227.jpg,0
CP9652-48.jpg,0
CP9652-100.jpg,0
CP9652-190.jpg,0
CP9652-200.jpg,0
DZ5485-612-263.jpg,1
CP9652-87.jpg,0
DZ5485-612-298.jpg,1
DZ5485-612-415.jpg,1
DZ5485-612-151.jpg,1
CP9652-269.jpg,0
CP9652-117.jpg,0
CP9652-370.jpg,0
CP9652-27.jpg,0
CP9652-278.jpg,0
DZ5485-612-489.jpg,1
DZ5485-612-148.jpg,1
DZ5485-612-147.jpg,1
CP9652-373.jpg,0
CP9652-412.jpg,0
CP9652-220.jpg,0
CP9652-136.jpg,0
DZ5485-612-349.jpg,1
DZ5485-612-464.jpg,1
DZ5485-612-326.jpg,1
DZ5485-612-187.jpg,1
DZ5485-612-124.jpg,1
CP9652-334.jpg,0
CP9652-85.jpg,0
DZ5485-612-144.jpg,1
CP9652-440.jpg,0
DZ5485-612-198.jpg,1
CP9652-86.jpg,0
DZ5485-612-280.jpg,1
DZ5485-612-294.jpg,1
DZ5485-612-401.jpg,1
DZ5485-612-123.jpg,1
DZ5485-612-184.jpg,1
DZ5485-612-203.jpg,1
DZ5485-612-439.jpg,1
DZ5485-612-247.jpg,1
DZ5485-612-416.jpg,1
CP9652-257.jpg,0
CP9652-459.jpg,0
CP9652-387.jpg,0
CP9652-340.jpg,0
CP9652-368.jpg,0
DZ5485-612-130.jpg,1
CP9652-114.jpg,0
DZ5485-612-403.jpg,1
CP9652-265.jpg,0
CP9652-251.jpg,0
CP9652-212.jpg,0
CP9652-394.jpg,0
DZ5485-612-220.jpg,1
CP9652-118.jpg,0
CP9652-396.jpg,0
CP9652-233.jpg,0
CP9652-287.jpg,0
CP9652-400.jpg,0
CP9652-101.jpg,0
CP9652-319.jpg,0
CP9652-241.jpg,0
DZ5485-612-387.jpg,1
CP9652-454.jpg,0
DZ5485-612-510.jpg,1
DZ5485-612-268.jpg,1
CP9652-300.jpg,0
DZ5485-612-442.jpg,1
DZ5485-612-497.jpg,1
DZ5485-612-113.jpg,1
CP9652-168.jpg,0
DZ5485-612-233.jpg,1
CP9652-350.jpg,0
CP9652-84.jpg,0
CP9652-148.jpg,0
DZ5485-612-374.jpg,1
CP9652-463.jpg,0
CP9652-323.jpg,0
DZ5485-612-234.jpg,1
CP9652-266.jpg,0
CP9652-153.jpg,0
DZ5485-612-318.jpg,1
CP9652-125.jpg,0
DZ5485-612-411.jpg,1
CP9652-379.jpg,0
CP9652-186.jpg,0
DZ5485-612-359.jpg,1
DZ5485-612-259.jpg,1
CP9652-221.jpg,0
CP9652-104.jpg,0
CP9652-109.jpg,0
DZ5485-612-283.jpg,1
DZ5485-612-377.jpg,1
DZ5485-612-385.jpg,1
DZ5485-612-225.jpg,1
CP9652-435.jpg,0
CP9652-424.jpg,0
DZ5485-612-473.jpg,1
DZ5485-612-348.jpg,1
DZ5485-612-506.jpg,1
CP9652-116.jpg,0
CP9652-469.jpg,0
CP9652-409.jpg,0
CP9652-386.jpg,0
CP9652-96.jpg,0
CP9652-336.jpg,0
CP9652-284.jpg,0
CP9652-122.jpg,0
CP9652-327.jpg,0
CP9652-33.jpg,0
CP9652-439.jpg,0
CP9652-54.jpg,0
CP9652-272.jpg,0
DZ5485-612-86.jpg,1
DZ5485-612-243.jpg,1
CP9652-175.jpg,0
DZ5485-612-160.jpg,1
CP9652-1.jpg,0
DZ5485-612-36.jpg,1
CP9652-17.jpg,0
DZ5485-612-171.jpg,1
CP9652-131.jpg,0
CP9652-371.jpg,0
CP9652-338.jpg,0
CP9652-328.jpg,0
CP9652-425.jpg,0
CP9652-210.jpg,0
DZ5485-612-96.jpg,1
CP9652-40.jpg,0
DZ5485-612-241.jpg,1
CP9652-219.jpg,0
CP9652-51.jpg,0
CP9652-167.jpg,0
DZ5485-612-461.jpg,1
CP9652-30.jpg,0
CP9652-359.jpg,0
DZ5485-612-207.jpg,1
DZ5485-612-393.jpg,1
CP9652-271.jpg,0
DZ5485-612-398.jpg,1
CP9652-243.jpg,0
CP9652-329.jpg,0
DZ5485-612-218.jpg,1
DZ5485-612-5.jpg,1
CP9652-245.jpg,0
CP9652-119.jpg,0
CP9652-378.jpg,0
CP9652-89.jpg,0
CP9652-215.jpg,0
CP9652-23.jpg,0
CP9652-202.jpg,0
CP9652-160.jpg,0
DZ5485-612-99.jpg,1
CP9652-281.jpg,0
CP9652-204.jpg,0
CP9652-50.jpg,0
DZ5485-612-407.jpg,1
DZ5485-612-503.jpg,1
DZ5485-612-48.jpg,1
DZ5485-612-33.jpg,1
CP9652-256.jpg,0
CP9652-316.jpg,0
DZ5485-612-201.jpg,1
DZ5485-612-135.jpg,1
DZ5485-612-28.jpg,1
CP9652-361.jpg,0
DZ5485-612-231.jpg,1
DZ5485-612-490.jpg,1
CP9652-249.jpg,0
DZ5485-612-379.jpg,1
DZ5485-612-289.jpg,1
DZ5485-612-419.jpg,1
CP9652-151.jpg,0
DZ5485-612-392.jpg,1
CP9652-69.jpg,0
DZ5485-612-499.jpg,1
DZ5485-612-139.jpg,1
DZ5485-612-63.jpg,1
DZ5485-612-472.jpg,1
CP9652-124.jpg,0
DZ5485-612-129.jpg,1
CP9652-458.jpg,0
DZ5485-612-521.jpg,1
CP9652-315.jpg,0
CP9652-444.jpg,0
DZ5485-612-65.jpg,1
CP9652-289.jpg,0
DZ5485-612-15.jpg,1
DZ5485-612-157.jpg,1
DZ5485-612-41.jpg,1
DZ5485-612-493.jpg,1
DZ5485-612-380.jpg,1
DZ5485-612-188.jpg,1
CP9652-240.jpg,0
DZ5485-612-217.jpg,1
CP9652-268.jpg,0
DZ5485-612-53.jpg,1
CP9652-355.jpg,0
DZ5485-612-338.jpg,1
CP9652-225.jpg,0
CP9652-196.jpg,0
CP9652-201.jpg,0
DZ5485-612-296.jpg,1
CP9652-178.jpg,0
DZ5485-612-252.jpg,1
CP9652-203.jpg,0
DZ5485-612-462.jpg,1
DZ5485-612-456.jpg,1
CP9652-478.jpg,0
CP9652-292.jpg,0
CP9652-339.jpg,0
DZ5485-612-270.jpg,1
DZ5485-612-202.jpg,1
DZ5485-612-162.jpg,1
CP9652-32.jpg,0
CP9652-206.jpg,0
DZ5485-612-402.jpg,1
CP9652-179.jpg,0
DZ5485-612-477.jpg,1
CP9652-298.jpg,0
CP9652-248.jpg,0
DZ5485-612-106.jpg,1
CP9652-42.jpg,0
DZ5485-612-390.jpg,1
DZ5485-612-2.jpg,1
CP9652-418.jpg,0
CP9652-464.jpg,0
CP9652-38.jpg,0
DZ5485-612-81.jpg,1
DZ5485-612-206.jpg,1
DZ5485-612-35.jpg,1
CP9652-252.jpg,0
DZ5485-612-509.jpg,1
DZ5485-612-428.jpg,1
DZ5485-612-455.jpg,1
DZ5485-612-367.jpg,1
DZ5485-612-92.jpg,1
DZ5485-612-340.jpg,1
CP9652-374.jpg,0
CP9652-41.jpg,0
DZ5485-612-346.jpg,1
CP9652-253.jpg,0
DZ5485-612-242.jpg,1
DZ5485-612-14.jpg,1
DZ5485-612-316.jpg,1
CP9652-77.jpg,0
DZ5485-612-388.jpg,1
DZ5485-612-274.jpg,1
DZ5485-612-167.jpg,1
CP9652-317.jpg,0
CP9652-474.jpg,0
CP9652-123.jpg,0
CP9652-295.jpg,0
DZ5485-612-485.jpg,1
CP9652-462.jpg,0
DZ5485-612-505.jpg,1
CP9652-308.jpg,0
DZ5485-612-244.jpg,1
CP9652-43.jpg,0
CP9652-352.jpg,0
CP9652-39.jpg,0
CP9652-163.jpg,0
CP9652-434.jpg,0
DZ5485-612-190.jpg,1
CP9652-259.jpg,0
CP9652-176.jpg,0
DZ5485-612-476.jpg,1
CP9652-158.jpg,0
DZ5485-612-511.jpg,1
DZ5485-612-59.jpg,1
DZ5485-612-475.jpg,1
CP9652-37.jpg,0
CP9652-333.jpg,0
CP9652-224.jpg,0
DZ5485-612-253.jpg,1
DZ5485-612-22.jpg,1
DZ5485-612-314.jpg,1
DZ5485-612-460.jpg,1
DZ5485-612-161.jpg,1
DZ5485-612-277.jpg,1
CP9652-432.jpg,0
DZ5485-612-192.jpg,1
DZ5485-612-386.jpg,1
CP9652-282.jpg,0
DZ5485-612-414.jpg,1
DZ5485-612-492.jpg,1
DZ5485-612-344.jpg,1
CP9652-246.jpg,0
DZ5485-612-309.jpg,1
CP9652-138.jpg,0
DZ5485-612-131.jpg,1
CP9652-140.jpg,0
CP9652-348.jpg,0
DZ5485-612-100.jpg,1
DZ5485-612-373.jpg,1
DZ5485-612-88.jpg,1
DZ5485-612-459.jpg,1
DZ5485-612-331.jpg,1
DZ5485-612-215.jpg,1
DZ5485-612-467.jpg,1
DZ5485-612-122.jpg,1
CP9652-91.jpg,0
DZ5485-612-21.jpg,1
CP9652-177.jpg,0
DZ5485-612-72.jpg,1
DZ5485-612-107.jpg,1
DZ5485-612-271.jpg,1
CP9652-337.jpg,0
DZ5485-612-436.jpg,1
DZ5485-612-103.jpg,1
